file,overall,pitch,rhythm,intS,intA,intT,intB,harmony,parallel,repeated
generated/chorale_329.csv,10.1869,0.9708,0.3743,1.0820,1.7028,1.4096,1.1142,1.0015,1.4010,1.1306
generated/chorale_342.csv,10.3282,1.1637,0.3254,1.0140,1.5480,1.5678,1.5627,0.9988,1.0856,1.0621
generated/chorale_332.csv,10.7220,1.1632,0.6526,1.1973,1.1552,1.8641,1.3997,1.0302,0.7809,1.4787
generated/chorale_359.csv,11.0244,0.7301,0.8128,1.2823,1.1411,1.7637,1.2664,0.7018,1.9997,1.3264
generated/chorale_316.csv,11.0460,0.6398,0.9505,1.1990,1.8195,1.9674,1.2132,0.7026,1.2327,1.3213
generated/chorale_313.csv,11.1140,0.6645,1.1387,1.2827,1.3380,1.6736,1.2594,0.6030,1.9779,1.1762
generated/chorale_368.csv,11.1281,0.9333,0.5834,1.2231,1.2960,1.8641,1.4335,0.8180,1.3684,1.6084
generated/chorale_326.csv,11.1313,1.0344,0.7626,1.0459,1.3639,1.5376,1.2532,1.0555,1.8613,1.2169
generated/chorale_330.csv,11.2877,1.2216,0.2738,1.1065,1.3783,1.5975,1.4043,1.0354,2.1791,1.0913
generated/chorale_341.csv,11.4158,0.7706,1.1217,0.9959,1.9934,1.7246,2.4482,0.7368,0.6186,1.0059
generated/chorale_351.csv,11.4217,1.0580,0.6538,0.9449,1.3277,1.5784,1.6348,0.8277,1.3960,2.0004
generated/chorale_362.csv,11.9892,1.3254,1.4290,1.4946,1.8723,1.5308,2.0664,0.9428,0.0087,1.3192
generated/chorale_355.csv,12.1892,1.0377,0.6513,1.3642,1.2615,1.8641,1.4066,0.9012,1.0935,2.6091
generated/chorale_308.csv,12.1987,0.5862,0.9647,1.6550,1.6552,2.3098,1.8362,0.6344,0.0000,2.5570
generated/chorale_374.csv,12.2169,0.7177,0.7820,0.9908,1.4848,1.7863,1.5197,0.4099,3.1991,1.3267
generated/chorale_380.csv,12.3310,1.3828,0.7602,1.1864,1.6552,1.7463,1.5077,1.2446,1.0998,1.7480
generated/chorale_366.csv,12.5083,0.7682,0.5902,0.9378,1.3509,1.5433,1.4855,0.9952,0.7922,4.0452
generated/chorale_337.csv,12.5673,0.9100,1.7036,0.9241,1.8417,1.4674,2.6546,1.1824,0.8006,1.0829
generated/chorale_323.csv,12.9174,1.2331,0.5355,1.0942,1.2660,1.7732,1.3656,1.0859,1.9493,2.6147
generated/chorale_364.csv,12.9584,1.2232,0.8126,1.0826,1.2802,1.8124,1.1519,0.9708,1.9313,2.6934
generated/chorale_373.csv,12.9864,0.7683,0.5610,1.0588,1.0484,1.6558,1.3832,0.8760,0.4503,5.1847
generated/chorale_310.csv,12.9893,0.9293,0.4379,0.9617,1.5850,1.5863,1.2372,0.7132,0.6848,4.8539
generated/chorale_336.csv,13.1095,0.6884,1.3276,1.1261,1.7976,1.9846,1.6266,0.6757,2.7449,1.1380
generated/chorale_348.csv,13.2394,0.8912,1.0886,1.0876,1.7959,2.1523,1.9737,0.6881,1.5731,1.9889
generated/chorale_317.csv,13.3773,0.7369,1.0894,1.1746,1.8575,2.0418,1.9906,0.5029,1.9635,2.0201
generated/chorale_346.csv,13.4019,0.9757,1.0879,1.0619,2.4056,1.8641,1.3669,1.0478,0.3904,3.2016
generated/chorale_327.csv,13.4298,0.6858,2.5205,1.2286,1.9086,1.9418,2.5164,0.7594,0.6897,1.1790
generated/chorale_314.csv,13.4554,0.7396,1.0352,1.1056,1.5441,2.3098,1.8362,0.6655,3.1599,1.0594
generated/chorale_377.csv,13.6005,1.1884,0.7800,1.5626,1.4320,1.6292,1.2574,0.8671,0.7365,4.1475
generated/chorale_322.csv,13.9160,1.2606,1.7619,1.4014,1.3037,1.5352,1.1377,0.9733,3.3705,1.1716
generated/chorale_309.csv,13.9541,1.1072,0.9783,1.1658,2.6140,1.8365,1.3836,0.9591,2.3596,1.5499
generated/chorale_350.csv,14.2078,1.4002,0.8533,1.3054,1.6552,1.7167,1.5372,1.2446,1.0998,3.3953
generated/chorale_324.csv,14.2234,0.7589,0.6577,1.1276,1.2736,1.6981,1.4066,0.7968,1.7756,4.7285
generated/chorale_361.csv,14.2250,0.6188,3.0004,1.3166,2.2100,2.3418,2.2664,0.5825,0.6897,1.1988
generated/chorale_349.csv,14.2809,1.1331,0.7439,1.0790,1.6552,1.7765,1.6491,1.1274,2.6467,2.4700
generated/chorale_333.csv,14.4019,0.7143,0.8441,1.2497,1.7976,2.0610,2.5734,0.7671,2.7172,1.6776
generated/chorale_367.csv,14.4466,1.1356,0.8512,1.2340,1.3654,1.9252,1.2069,1.0171,4.4176,1.2936
generated/chorale_357.csv,14.5344,0.8259,1.7316,1.2033,1.7976,1.8442,2.4093,0.7314,2.4018,1.5894
generated/chorale_354.csv,14.5490,0.5561,1.5360,1.1782,1.9293,1.4917,5.3563,0.5535,0.4608,1.4869
generated/chorale_315.csv,14.5697,1.3615,0.6360,1.1936,1.0444,1.9776,2.0997,1.0483,3.4975,1.7111
generated/chorale_379.csv,14.6077,1.4333,0.9046,1.1329,1.6552,1.3949,1.0791,1.3180,4.6148,1.0749
generated/chorale_319.csv,14.6371,1.5594,2.2155,0.9774,1.6552,2.3098,3.4170,0.9528,0.0000,1.5498
generated/chorale_372.csv,14.6935,0.5663,1.5747,1.1004,1.9293,1.4917,5.3563,0.5944,0.4608,1.6197
generated/chorale_339.csv,15.1005,1.0370,1.1334,1.0949,1.8979,1.9418,2.0804,0.7825,2.7590,2.3737
generated/chorale_318.csv,15.3422,0.6922,2.6722,1.9435,1.8521,1.5640,3.2664,1.0605,0.9340,1.3573
generated/chorale_306.csv,15.3509,0.9658,0.7385,0.9828,1.6552,2.3098,2.1426,1.0936,4.1272,1.3354
generated/chorale_356.csv,15.4757,0.5842,1.7854,1.0930,1.9293,1.3781,5.3563,0.6148,1.3757,1.3588
generated/chorale_311.csv,15.7828,1.0802,1.3812,2.5824,2.0100,1.3308,1.9188,0.9768,0.7283,3.7744
generated/chorale_343.csv,16.2085,0.7449,0.4703,1.3482,1.6552,2.3098,2.1045,0.8109,3.5479,3.2166
generated/chorale_360.csv,16.3854,1.2682,2.6519,1.0322,1.6552,2.3098,2.2855,1.1240,2.8088,1.2498
generated/chorale_369.csv,16.8489,0.6575,2.9400,1.0077,2.4323,2.4246,3.2664,0.9745,1.1798,1.9660
generated/chorale_305.csv,16.9901,0.7141,2.3295,1.7330,2.0604,2.1776,5.8328,0.2848,0.7865,1.0714
generated/chorale_376.csv,17.5953,0.6887,0.7860,7.6203,1.5127,1.7776,1.2549,0.8915,1.6363,1.4273
generated/chorale_312.csv,17.6315,1.2670,1.0989,0.9995,1.1815,1.6722,1.3553,1.0630,7.8002,1.1938
generated/chorale_370.csv,17.9203,1.2999,0.9194,1.0757,1.5441,2.3098,1.7495,1.1905,5.0876,2.7437
generated/chorale_334.csv,18.5724,1.3283,1.2632,1.0586,1.5302,1.6722,1.5891,1.1344,7.8002,1.1961
generated/chorale_331.csv,18.7516,0.6993,2.3246,1.2057,3.3532,2.2989,6.4686,0.9857,0.0000,1.4156
generated/chorale_338.csv,19.5401,0.6912,1.8875,1.1077,3.2904,2.4246,6.4686,0.7368,1.3586,1.5746
generated/chorale_378.csv,19.6005,1.5640,2.7720,1.2936,1.8552,2.1641,4.4162,1.6471,2.7515,1.1368
generated/chorale_347.csv,20.0055,1.3542,1.0740,1.4478,1.2693,1.8945,1.5446,1.1086,8.7715,1.5411
generated/chorale_345.csv,20.2130,1.2940,2.0528,1.3503,1.5302,2.1765,1.1788,0.8085,3.2543,6.5676
generated/chorale_381.csv,20.2724,0.7060,3.6449,2.0064,2.9354,1.6826,6.8105,0.4774,0.7748,1.2343
generated/chorale_340.csv,20.9025,1.1094,0.6149,4.0445,1.3825,2.1808,1.1632,1.1192,5.0652,4.2228
generated/chorale_335.csv,21.1639,0.9119,1.3681,1.0388,1.2642,1.6459,1.9170,0.9921,5.6182,6.4076
generated/chorale_365.csv,21.1670,1.3710,0.7501,1.2267,1.2868,1.9940,1.7727,1.1317,8.6746,2.9595
generated/chorale_363.csv,23.0037,1.5970,1.8020,1.3808,1.4734,2.3098,1.5277,1.2560,6.7411,4.9159
generated/chorale_375.csv,23.2252,1.0777,3.0719,1.0751,1.8654,2.1141,9.8328,1.5842,0.5762,2.0278
generated/chorale_358.csv,24.1732,0.7515,3.0741,1.1195,5.7143,2.3851,9.4995,0.2935,0.0000,1.3358
generated/chorale_344.csv,26.5051,0.7866,3.3021,1.2911,3.1742,2.9112,12.2515,1.5331,0.0000,1.2552
generated/chorale_320.csv,27.4156,0.9677,4.0050,1.3952,3.1742,2.9112,12.2515,1.5730,0.0000,1.1378
generated/chorale_353.csv,27.5274,0.7976,2.3789,3.2828,3.1742,2.9112,12.2515,1.5703,0.0000,1.1610
generated/chorale_352.csv,28.9374,0.7332,2.2994,1.5321,5.7143,4.9655,12.2515,0.4754,0.0000,0.9659
generated/chorale_328.csv,31.9769,0.8471,2.4647,16.1365,2.2763,2.4246,3.2664,0.7314,2.1349,1.6950
generated/chorale_321.csv,74.8804,0.6425,2.5711,1.1281,3.7434,3.1493,62.0897,0.4990,0.0000,1.0574
generated/chorale_371.csv,74.8866,0.5668,2.7949,1.1316,3.1434,3.4112,62.0897,0.4043,0.0000,1.3448
generated/chorale_307.csv,76.6031,0.8890,2.3175,1.4766,3.8767,2.5961,62.0897,0.5732,0.0000,2.7844
generated/chorale_325.csv,83.2732,0.6763,3.2574,6.5595,3.8767,4.9655,62.0897,0.5936,0.0000,1.2546
